ประเภท,แหล่ง,id,คำที่สงสัย,ข้อเสนอ,บริบท
ข้อเสนอเครื่องมือ,strings,165602,มาละ,มาล่ะ,ลมหอบใครมาละเนี่ย
ข้อเสนอเครื่องมือ,strings,320539,กล้ำกลาย,กล้ำกราย,ใจว่าจะไม่มีอันตรายใดๆ มากล้ำกลายบรรดาพี่น้องของเขา ซึ่งเป
ข้อเสนอเครื่องมือ,strings,365246,โรงเรื่อย,โรงเลื่อย,ฮืม ดูเหมือนโรงเรื่อยถูกทิ้งร้าง
ข้อเสนอเครื่องมือ,strings,393943,ร่องเรือ,ล่องเรือ,า ข้าได้ยินพวกมันพูดว่าจะร่องเรือไปที่ Hindarsfjall โดย Ku
ข้อเสนอเครื่องมือ,strings,416943,ร่องลอย,ล่องลอย,านน้ำอยู่ที่นั่นครั้งนึง ร่องลอยจะเริ่มจากที่นั่น
ข้อเสนอเครื่องมือ,strings,431671,ร่องเรือ,ล่องเรือ, นางเป็นนักร้องเดินสายที่ร่องเรือมาจาก Kovir เหมือนจะมาจาก
ข้อเสนอเครื่องมือ,strings,432627,ธุรี,ธุลี,กเวทที่ยังไม่กลายเป็นเถ้าธุรีที่กองเพลิงของข้า
ข้อเสนอเครื่องมือ,strings,447029,เริศเลอ,เลิศเลอ,ยู่ Lan Exeter น่ะ ไม่ได้เริศเลออะไรมาก แต่ก็เงินดีใช้ได้
ข้อเสนอเครื่องมือ,strings,466039,เกรี้ยง,เกลี้ยง,จะมีศพอยู่เต็มหลุม โดนเผาเกรี้ยง
ข้อเสนอเครื่องมือ,strings,466055,ตลอดการ,ตลอดกาล,่านี้จากเจ้าละกัน ซื้อขาดตลอดการเลย
ข้อเสนอเครื่องมือ,strings,474018,รางร้าย,ลางร้าย,งสีแปลกๆ ปรากฏบนฟ้านี่คือรางร้ายพวกชาวนาบอกมาเเบบนั้น
ข้อเสนอเครื่องมือ,strings,481290,หรอกๆ,หลอกๆ,คนอื่นมาอีก ไม่มีอะไรต่างหรอกๆ
ข้อเสนอเครื่องมือ,strings,487806,ตกหลุมพลาง,ตกหลุมพราง,ถ้าเจ้าคิดว่าข้าจะตกหลุมพลางเรื่องที่เจ้าเล่าออกมาจาก
ข้อเสนอเครื่องมือ,strings,497971,ร่องเรือ,ล่องเรือ,พาข้าไปร่องเรือแสนโรแมนติก ร่องตามน้ำใต้
ข้อเสนอเครื่องมือ,strings,498025,ล่วงหล่น,ร่วงหล่น,เมล็ดพันธุ์ทั้งหมดล่วงหล่นจากตะกร้า ลงสู่ที่ดินตรงน
ข้อเสนอเครื่องมือ,strings,498025,แห้งแร้ง,แห้งแล้ง,นขณะที่ทั่วเกาะ Skellige แห้งแร้ง
ข้อเสนอเครื่องมือ,strings,509779,เคลือ,เครือ,งแขนขาพร้อมกัน สลับกับการเคลือนของเอว
ข้อเสนอเครื่องมือ,strings,509928,แครน,แคลน,ลอง นกกระทาอบ ใน แครนเบอร์รี่ รึยัง
ข้อเสนอเครื่องมือ,strings,515893,ระแวก,ละแวก,ระแวกนี้ อาจไม่มีใครกล้ามากพอท
ข้อเสนอเครื่องมือ,strings,515907,แกรง,แกร่ง,จะกล้ากลับมาทดสอบความแข็งแกรงต่อหน้าไอ้จอมโหด Jonah อี
ข้อเสนอเครื่องมือ,strings,522051,ฤดูการ,ฤดูกาล,เตี๊ยม พยายามจะชนะการแข่งฤดูการนี้ให้ได้ แต่ ก็นั่นละ ไม
ข้อเสนอเครื่องมือ,strings,528343,ไคร,ไคล,โกหก! ไครมันจะไปเชื่อเรื่องแบบนั้น
ข้อเสนอเครื่องมือ,strings,531631,ตะกละตะกราม,ตะกละตะกลาม,พวกตะกละตะกรามทั้งหลาย
ข้อเสนอเครื่องมือ,strings,533283,พริ้วไหว,พลิ้วไหว,มีลำธาร ต้นสาลีขยับพริ้วไหว น่ารัญจวนใจดี เหมาะสำหรั
ข้อเสนอเครื่องมือ,strings,537434,รุง,รุน,สำหรับการทดสอบมีปฏิกิริยารุงแรง ต้องถูกใช้ทันทีหลังเต
ข้อเสนอเครื่องมือ,strings,538361,พิกลพิกาล,พิกลพิการ,จริงๆ นางอาจจะออกมาเป็นคนพิกลพิกาล ไม่ก็สติไม่ดี หรือ ไร้อา
ข้อเสนอเครื่องมือ,strings,549333,รมเสีย,ลมเสีย,อย่าอารมเสีย พระเจ้าจะตอบแทนความรักชา
ข้อเสนอเครื่องมือ,strings,554266,ลังค์,ลังก์,ทันทีที่การขึ้นบัลลังค์เป็นไปอย่างมั่นคงแล้ว ข้า
ข้อเสนอเครื่องมือ,strings,557743,เล่,เร่,ถอะน่า ไม่มีเหตุผลต้องล้อเล่
ข้อเสนอเครื่องมือ,strings,559046,ลังค์,ลังก์,เอาลูกๆ ของเขาขึ้นครองบัลลังค์อีก
ข้อเสนอเครื่องมือ,strings,559409,แครงใจ,แคลงใจ,้าเคยไปทำอะไรให้เจ้าเคืองแครงใจรึ
ข้อเสนอเครื่องมือ,strings,561476,เผาหรอก,เผาหลอก,ตอนแรกพวกเขาไม่ได้เผาหรอก จนกระทั่งรู้ว่าข้าหนีออก
ข้อเสนอเครื่องมือ,strings,563932,ล่อหรอก,ล่อหลอก,ช่นนั้นเจ้าคงไม่ใช้เหยื่อล่อหรอก เพราะจะรอให้ Griffin มัน
ข้อเสนอเครื่องมือ,strings,571781,บูล,บูร,จะคลอเคลียงั้นเหรอ? เจ้า บูลกี้แมน
ข้อเสนอเครื่องมือ,strings,576344,กลุ,กรุ,กกว่านั้น มันมีทั้งหมดสี่กลุ
ข้อเสนอเครื่องมือ,strings,585069,รับลอง,รับรอง,ข้ารับลองสิ่งที่ Hjalmar พูด
ข้อเสนอเครื่องมือ,strings,589664,มาละ,มาล่ะ,ยาที่ใช้ทางการแพทย์ถ้าเอามาละลายน้ำจะช่วยป้องกันการเน่
ข้อเสนอเครื่องมือ,strings,1004223,กล้ำกลาย,กล้ำกราย,อย่าให้พวก demon เข้ามากล้ำกลาย
ข้อเสนอเครื่องมือ,strings,1011036,ตลอดการ,ตลอดกาล,ู้พเนจร ข้าจะภาวนาให่เจ้าตลอดการเดินทางแสวงบุญของข้า
ข้อเสนอเครื่องมือ,strings,1015943,ลายละเอียด,รายละเอียด,ข้าเข้าใจ แต่เจ้าควรเล่าลายละเอียดของสัตว์ประหลาด
ข้อเสนอเครื่องมือ,strings,1020550,เท่าไหร,เท่าไหร่,ไม่ค่อยช่วยมากเท่าไหรใช่มั้ย ข้าขอโทษ ข้าเห็นม
ข้อเสนอเครื่องมือ,strings,1021124,เท่าไหร,เท่าไหร่,ไม่ค่อยเหมือนงานสำหรับข้าเท่าไหร
ข้อเสนอเครื่องมือ,strings,1026575,ตะกละตะกราม,ตะกละตะกลาม,เงินให้ บทลงโทษสำหรับความตะกละตะกรามอย่างเจ้า
ข้อเสนอเครื่องมือ,strings,1031585,ลังค์,ลังก์,d เพื่อเป็นศิริมงคลแก่บัลลังค์
ข้อเสนอเครื่องมือ,strings,1033482,ลังค์,ลังก์,ผู้หญิงได้ครองบัลลังค์งั้นรึ คงมีแต่ชาว Skeillg
ข้อเสนอเครื่องมือ,strings,1041013,กลู,กูล,กลู~ฮาฮาฮาาา! ฮาฮาฮา.
ข้อเสนอเครื่องมือ,strings,1042581,ลังค์,ลังก์,ถ้าบุตรชายของ Bran ได้บัลลังค์ จะไม่มีหมาตัวไหนย่างเท้า
ข้อเสนอเครื่องมือ,strings,1042832,รุง,รุน,กับที่ข้ามีให้กับเจ้า มันรุงแรงและน่ากลัวกว่ามาก<br><
ข้อเสนอเครื่องมือ,strings,1043000,ลังค์,ลังก์,ที่พวกเรายังมีคนอยู่บนบัลลังค์ ซึ่งก็ควรเป็นแบบนั้นอยู่
ข้อเสนอเครื่องมือ,strings,1043003,มาละ,มาล่ะ,ได้หนังสือมาละ
ข้อเสนอเครื่องมือ,strings,1043215,ลังค์,ลังก์, ส่วนโอรสพระองค์ก็ครองบรรลังค์ มันเป็นไปตามที่มันควรเป็
ข้อเสนอเครื่องมือ,strings,1043233,ลังค์,ลังก์,ยถึง Svanrige สมควรได้บัลลังค์งั้นรึ
ข้อเสนอเครื่องมือ,strings,1051935,ที่ปลก,ที่ปรก,ตือนวิทเชอร์เกี่ยวกับหมอกที่ปลกคุมอยู่แถวๆบึง หลังจากฟัง
ข้อเสนอเครื่องมือ,strings,1051967,ตลอดการ,ตลอดกาล,t เผชิญกับสัตว์ร้ายมากมายตลอดการเป็นวิชเชอร์ของเขา แต่กับ
ข้อเสนอเครื่องมือ,strings,1052395,เจร,เจล,gaard แทน เหมือนกับ หมาพนเจร
ข้อเสนอเครื่องมือ,strings,1053770,ร่องเรือ,ล่องเรือ,วเองดู ว่าเจ้ากล้าพอที่จะร่องเรือไป Skellige แล้วโยนกำปั้น
ข้อเสนอเครื่องมือ,strings,1056074,ลายทาง,รายทาง,เร่ร่อนตามกลอุบายที่สุนัขลายทางเก่าของเขาเคยทำ สัปดาห์หน
ข้อเสนอเครื่องมือ,strings,1058677,ตามลอย,ตามรอย,ตามลอยลาก<br>โดยใช้ Witcher Sen
ข้อเสนอเครื่องมือ,strings,1058737,โครน,โคลน,ไม่สามารถช่วยชีวิตได้ พวกโครนจึงใช้เล่ห์เหลี่ยมพวกเขาท
ข้อเสนอเครื่องมือ,strings,1058784,เคลือ,เครือ,จะเป็นครั้งแรกที่โลกจะขับเคลือนด้วยเลือด ของ Aen Seidhe
ข้อเสนอเครื่องมือ,strings,1059760,เรื่องชื่อ,เลื่องชื่อ,e บรรพบุรุษอันมีชื่อเสียงเรื่องชื่อของนางเข้าร่วมด้วย<br><br
ข้อเสนอเครื่องมือ,strings,1061142,ตละกูล,ตระกูล,องเขา Folan เป็นสมาชิกของตละกูล Tuirseach กะลาสีและนักธน
ข้อเสนอเครื่องมือ,strings,1062156,ตลอดการ,ตลอดกาล,"าโดย Lugos บ้าบิ่น, ศัตรูตลอดการของกษัตริย์ Crach an Crai"
ข้อเสนอเครื่องมือ,strings,1062242,รอบทำร้าย,ลอบทำร้าย,เจ้าคิดจะรอบทำร้ายข้าสินะ? แต่ข้าจะไม่ยอม ใ
ข้อเสนอเครื่องมือ,strings,1062317,แต่แลก,แต่แรก,ี่เขาแก้ไข เขาก็ทำสำเร็จ แต่แลกด้วยหลั่งเลือดของชนชาติ
ข้อเสนอเครื่องมือ,strings,1062873,ย่างกลาย,ย่างกราย,r>และพบว่าไม่มีอันตรายใดๆย่างกลายเข้ามาในยามที่เขาไม่อยู่<
ข้อเสนอเครื่องมือ,strings,1067010,แปลธาตุ,แปรธาตุ,ทุกความรู้สูตรการเล่นแร่แปลธาตุ เลเวล 1 จะเพิ่มหน่วยต้าน
ข้อเสนอเครื่องมือ,strings,1067011,แปลธาตุ,แปรธาตุ,ทุกความรู้สูตรการเล่นแร่แปลธาตุ เลเวล 1 หรือ 2 จะเพิ่มหน
ข้อเสนอเครื่องมือ,strings,1067012,แปลธาตุ,แปรธาตุ,"ทุกความรู้สูตรการเล่นแร่แปลธาตุ เลเวล 1 , 2 หรือ 3 จะเพิ"
ข้อเสนอเครื่องมือ,strings,1067874,รางสังหรณ์,ลางสังหรณ์,กแน่ ข้ารู้สึกได้ มันเป็นรางสังหรณ์ของคนเป็นแม่
ข้อเสนอเครื่องมือ,strings,1068173,เลิกลา,เลิกรา,ู่แล้วว่ารายนี้ต้องไม่ยอมเลิกลาง่ายๆ แน่ แต่คิดไม่ถึงว่า
ข้อเสนอเครื่องมือ,strings,1068454,รูกลม,ลูกลม,นี้เหมือนหมุดสี่เหลี่ยมในรูกลม<br><br>Kaedwen เป็นเพื่อ
ข้อเสนอเครื่องมือ,strings,1072192,รองของ,ลองของ,มีใครบางคนเช็ดร่อยรองของเลือดและทิ้งบางส่วนไว้
ข้อเสนอเครื่องมือ,strings,1073482,รักตัว,ลักตัว,ยว่าอะไรเกิดขึ้นกับไอ้พวกรักตัวประหลาดใน Novigrad!
ข้อเสนอเครื่องมือ,strings,1074051,ร่องลอย,ล่องลอย,ข้ารู้สึกว่าเหมือนมีปีศาจร่องลอยอยู่ในอากาศ
ข้อเสนอเครื่องมือ,strings,1077514,บุกลุก,บุกรุก,่) และ แพะป่า เมื่อมนุษย์บุกลุกดินแดนของพวกมัน เหล่า Gri
ข้อเสนอเครื่องมือ,strings,1077872,ลักษ์,ลักษณ์,แผนที่แสดงที่อยู่ของสัญลักษ์ที่เกี่ยวข้องกับวิทเชอร์ส
ข้อเสนอเครื่องมือ,strings,1077874,ลักษ์,ลักษณ์,แผนที่แสดงที่อยู่ของสัญลักษ์ที่เกี่ยวข้องกับวิทเชอร์ส
ข้อเสนอเครื่องมือ,strings,1077885,ลักษ์,ลักษณ์,แผนที่แสดงที่อยู่ของสัญลักษ์ที่เกี่ยวข้องกับวิทเชอร์ส
ข้อเสนอเครื่องมือ,strings,1077887,ลักษ์,ลักษณ์,แผนที่แสดงที่อยู่ของสัญลักษ์ที่เกี่ยวข้องกับวิทเชอร์ส
ข้อเสนอเครื่องมือ,strings,1077889,ลักษ์,ลักษณ์,แผนที่แสดงที่อยู่ของสัญลักษ์ที่เกี่ยวข้องกับวิทเชอร์ส
ข้อเสนอเครื่องมือ,strings,1077891,ลักษ์,ลักษณ์,แผนที่แสดงที่อยู่ของสัญลักษ์ที่เกี่ยวข้องกับวิทเชอร์ส
ข้อเสนอเครื่องมือ,strings,1077893,ลักษ์,ลักษณ์,แผนที่แสดงที่อยู่ของสัญลักษ์ที่เกี่ยวข้องกับวิทเชอร์ส
ข้อเสนอเครื่องมือ,strings,1077895,ลักษ์,ลักษณ์,แผนที่แสดงที่อยู่ของสัญลักษ์ที่เกี่ยวข้องกับวิทเชอร์ส
ข้อเสนอเครื่องมือ,strings,1077897,ลักษ์,ลักษณ์,แผนที่แสดงที่อยู่ของสัญลักษ์ที่เกี่ยวข้องกับวิทเชอร์ส
ข้อเสนอเครื่องมือ,strings,1077899,ลักษ์,ลักษณ์,แผนที่แสดงที่อยู่ของสัญลักษ์ที่เกี่ยวข้องกับวิทเชอร์ส
ข้อเสนอเครื่องมือ,strings,1077901,ลักษ์,ลักษณ์,แผนที่แสดงที่อยู่ของสัญลักษ์ที่เกี่ยวข้องกับวิทเชอร์ส
ข้อเสนอเครื่องมือ,strings,1077988,ลักษ์,ลักษณ์,แผนที่แสดงที่อยู่ของสัญลักษ์ที่เกี่ยวข้องกับวิทเชอร์ส
ข้อเสนอเครื่องมือ,strings,1081051,ลมควัน,รมควัน,แต่เนิ่นๆ และทำให้แห้งและลมควันให้ดี มิฉะนั้น มันจะเป็นเ
ข้อเสนอเครื่องมือ,strings,1081341,โคลม,โคลน,่ตัวที่เคยกลิ้งเกลือกไปบนโคลมตมหรือแม้กระทั่งจะมีกระต่
ข้อเสนอเครื่องมือ,strings,1081915,รุง,รุน,ยการใช้เวทมนตร์ Aard ขั้นรุงแรง
ข้อเสนอเครื่องมือ,strings,1083600,ธุรี,ธุลี, ไฟที่ทำให้ทุกสิ่งให้เป็นธุรีจะเผาหัวใจของศัตรู<br>โอ 
ข้อเสนอเครื่องมือ,strings,1085146,เล่,เร่,พระอาทิตย์ส่องแสง ดรัมเล่! ทิศใต้ส่องแสง! บางทีเรา
ข้อเสนอเครื่องมือ,strings,1104106,เฉพาะการ,เฉพาะกาล,เพื่อนำเข้าตัวละครของคุณ เฉพาะการบันทึกที่สร้างขึ้นหลังจาก
ข้อเสนอเครื่องมือ,strings,1105002,เท่าไหร,เท่าไหร่,สุดท้าย ข้ายังวางใจไม่ได้เท่าไหร
ข้อเสนอเครื่องมือ,strings,1115358,บันดาร,บันดาล,พระเจ้าโปรดบันดารความสุข อย่างน้อยให้แก่ลู
ข้อเสนอเครื่องมือ,strings,1117493,ละคน,ระคน,นไฟไม่เปลี่ยนอะไรหรอก โรงละคนสัตว์ที่ไหนก็เปลี่ยนพวกไพ
ข้อเสนอเครื่องมือ,strings,1118731,เปรวไฟ,เปลวไฟ,ดจากไฟและจงมอดดับไปเหมือนเปรวไฟนั้น!
ข้อเสนอเครื่องมือ,strings,1122952,เด็กกำพล้า,เด็กกำพร้า,สมาคมพวกนั้นรับอุปการะพวกเด็กกำพล้าไร้ค้าก็จริง แต่การที่ทำต
ข้อเสนอเครื่องมือ,strings,1122976,กลิน,กริน,านับ เม็ดทรายในนาฬิกา<br>กลินชีวิตให้อื่มท้องยามโหยหา<
ข้อเสนอเครื่องมือ,strings,1126685,รายร้อม,รายล้อม,"าซะ นายน้อย ที่นี่อันตรายรายร้อมท่านอยู่"" แต่เจ้าโง่นั้นร"
ข้อเสนอเครื่องมือ,strings,1127692,พริ้วไหว,พลิ้วไหว,ันจะช่วยให้ม้าท่านวิ่งได้พริ้วไหวขึ้นเป็นกอง
ข้อเสนอเครื่องมือ,strings,1130142,ลักษ์,ลักษณ์,- โลกของเรานี่ไง อืมม สัญลักษ์เหล่านั้นคือคำตรัสของพระเ
ข้อเสนอเครื่องมือ,strings,1135535,เท่าไหร,เท่าไหร่,้เลย ท่านอยากจะแลกเปลี่ยนเท่าไหรล่ะ
ข้อเสนอเครื่องมือ,strings,1136615,ราบลื่น,ราบรื่น, Ofieri ควรใช้คนที่มีภาษาราบลื่น
ข้อเสนอเครื่องมือ,strings,1137627,ทางลอด,ทางรอด,ีดินและเศษพืชปกคลุมอยู่บนทางลอด เส้นทางลับงั้นเหรอ?
ข้อเสนอเครื่องมือ,strings,1150243,เล้นลับ,เร้นลับ,ussaint เป็นเขตของผู้เฒ่าเล้นลับ [Unseen Elder] พวกแวมไพร
ข้อเสนอเครื่องมือ,strings,1151082,เล้นลับ,เร้นลับ,และผู้เฒ่าเล้นลับ [Unseen Elder] ตนนี้ - จ
ข้อเสนอเครื่องมือ,strings,1151089,เล้นลับ,เร้นลับ,างยอมพาเราไปหาท่านผู้เฒ่าเล้นลับ [Unseen Elder] ตนนั้นแล้
ข้อเสนอเครื่องมือ,strings,1151125,เล้นลับ,เร้นลับ,างแนะนำเจ้ากับท่านผู้เฒ่าเล้นลับ [Unseen Elder] นางอาจจะต
ข้อเสนอเครื่องมือ,strings,1151667,พูดโพร่ง,พูดโพล่ง,"จากนั้นเขาก็พูดโพร่งขึ้นมา ""เจ้าจะต้องไม่มีอะ"
ข้อเสนอเครื่องมือ,strings,1151910,เล้นลับ,เร้นลับ,ผู้เฒ่าเล้นลับ [Unseen Elder]
ข้อเสนอเครื่องมือ,strings,1154038,มาละ,มาล่ะ,ได้ถั่วมาละ แต่ Longlocks ดูเหมือนนา
ข้อเสนอเครื่องมือ,strings,1156371,เล้นลับ,เร้นลับ,าม Orianna ว่าจะหาผู้เฒ่าเล้นลับ [Unseen Elder] ได้จากที่
ข้อเสนอเครื่องมือ,strings,1157302,เล้นลับ,เร้นลับ,ผู้เฒ่าเล้นลับ [Unseen Elder] ให้เขารู้
ข้อเสนอเครื่องมือ,strings,1157305,เล้นลับ,เร้นลับ,Regis บอกให้ผู้เฒ่าเล้นลับ [Unseen Elder] รู้ว่าเรา
ข้อเสนอเครื่องมือ,strings,1159216,เรน,เลน,ล และ มิลตัน เดอ เพเรค เพเรน) อัศวินผู้รับใช้องค์ราชิ
ข้อเสนอเครื่องมือ,strings,1159219,แปรงร่าง,แปลงร่าง,ด้วย มันคงจะยากมากถ้าต้องแปรงร่างเป็นหมอกแล้วลอดผ่านประตูห
ข้อเสนอเครื่องมือ,strings,1161222,เล้นลับ,เร้นลับ,ไปที่ถ้ำของผู้เฒ่าเล้นลับ [Unseen Elder]
ข้อเสนอเครื่องมือ,strings,1161228,เล้นลับ,เร้นลับ,เข้าไปในถ้ำของผู้เฒ่าเล้นลับ [Unseen Elder]
ข้อเสนอเครื่องมือ,strings,1165330,มาละ,มาล่ะ,อยู่ตรงนี้นี่เอง ได้มันมาละ
ข้อเสนอเครื่องมือ,strings,1165404,ปราบปลื้ม,ปลาบปลื้ม,พวกเขาปราบปลื้มในบารมีของข้า
ข้อเสนอเครื่องมือ,strings,1166073,มาละ,มาล่ะ,ได้ถั่วมาละหนึ่ง! เยี่ยม!
ข้อเสนอเครื่องมือ,strings,1166871,จักรวาร,จักรวาล,มือนกัน อาจจะเป็นพลังแห่งจักรวารนำพาข้าก็ได้
ข้อเสนอเครื่องมือ,strings,1167522,เล้นลับ,เร้นลับ,เข้าไปคุยกับผู้เฒ่าเล้นลับ [Unseen Elder]
ข้อเสนอเครื่องมือ,strings,1169561,เปร่งแสง,เปล่งแสง,มีเวทมนตร์บางอย่างกำลังเปร่งแสงอยู่ที่หลุมศพนี่ เราควรตร
ข้อเสนอเครื่องมือ,strings,1172686,ระแวก,ละแวก,นเรื่องส่วนประกอบของดินในระแวกนี้น่ะ
ข้อเสนอเครื่องมือ,strings,1173948,ระเอียดยิบ,ละเอียดยิบ, ข้าจะบอกเจ้าทุกอย่าง แบบระเอียดยิบเลยล่ะ ข้าจะเล่าทุกอย่างใ
ข้อเสนอเครื่องมือ,strings,1174169,ทุกลาย,ทุกราย,ห่ง Toussaint เหมือนกันในทุกลายละเอียดเลย ชาว Cintra น่า
ข้อเสนอเครื่องมือ,strings,1174252,เล้นลับ,เร้นลับ,เปิดทางเข้าถ้ำของผู้เฒ่าเล้นลับ [Unseen Elder] โดยใช้กุญ
ข้อเสนอเครื่องมือ,strings,1176976,เล้นลับ,เร้นลับ,ผู้เฒ่าเล้นลับ [Unseen Elder] - ไปหาเขา
ข้อเสนอเครื่องมือ,strings,1179892,เล้นลับ,เร้นลับ,าจะช่วยเจ้าเรื่อง ผู้เฒ่าเล้นลับ [Unseen Elder]
ข้อเสนอเครื่องมือ,strings,1181659,เล้นลับ,เร้นลับ,ในการพบกับผู้เฒ่าเล้นลับ [Unseen Elder] เจ้ามีแต่
ข้อเสนอเครื่องมือ,strings,1184292,เล้นลับ,เร้นลับ,หาวิธีเอาใจผู้เฒ่าเล้นลับ [Unseen Elder]
ข้อเสนอเครื่องมือ,strings,1184305,เล้นลับ,เร้นลับ,หาของกำนัลให้แก่ผู้เฒ่าเล้นลับ [Unseen Elder]
ข้อเสนอเครื่องมือ,strings,1184520,เล้นลับ,เร้นลับ,้ามอบสิ่งนี้ให้กับผู้เฒ่าเล้นลับ [Unseen Elder] เขาคงไม่ฆ
ข้อเสนอเครื่องมือ,strings,1184777,เล้นลับ,เร้นลับ,้องเป็นของกำนัลแก่ผู้เฒ่าเล้นลับ [Unseen Elder] ได้แน่
ข้อเสนอเครื่องมือ,strings,1184795,เล้นลับ,เร้นลับ,ของกำนัลสำหรับผู้เฒ่าเล้นลับ[แวมป์ไพร์อาวุโส]
ข้อเสนอเครื่องมือ,strings,1185138,ระแวก,ละแวก,องุ่นที่รุ่งเรืองที่สุดในระแวกนี้!
ข้อเสนอเครื่องมือ,strings,1185516,กลับรำ,กลับลำ,ยมีการยอมรับ ที่ไม่สามารถกลับรำได้!
ข้อเสนอเครื่องมือ,strings,1187438,เท่าไหร,เท่าไหร่,งาน - ยิ่งข่มเหงพวกเขามากเท่าไหร เขาก็ยิ่งคิดทรยศเจ้าเท่า
ข้อเสนอเครื่องมือ,strings,1188075,รำรึกถึง,รำลึกถึง,ก็บเงินของท่านไว้เถอะ และรำรึกถึงนางในคืนนี้กัน
ข้อเสนอเครื่องมือ,strings,1188088,บ้าครั่ง,บ้าคลั่ง,ารพักฟื้นหลังจากเหตุการณ์บ้าครั่งในช่วงสองสามวันที่ผ่านมา
ข้อเสนอเครื่องมือ,strings,1188232,ได้ลับ,ได้รับ,องทันที ข้าเชื่อว่าท่านจะได้ลับมีดจนพอใจภายในวัน  พรุ่งน
ข้อเสนอเครื่องมือ,strings,1188913,เล้นลับ,เร้นลับ,ผู้เฒ่าเล้นลับ [Unseen Elder] - ข้าจะหา
ข้อเสนอเครื่องมือ,strings,1189432,เฉพาะการ,เฉพาะกาล,่งมีชีวิตที่ก่ออาชญากรรม เฉพาะการชันสูตรศพเท่านั้นที่สามาร
ข้อเสนอเครื่องมือ,strings,1192542,เท่าไหร,เท่าไหร่,ฝนก็ไม่ได้หนาวเท่าไหรนัก
ข้อเสนอเครื่องมือ,strings,1192878,เท่าไหร,เท่าไหร่,ขาออกไป มันคงไม่ชอบเปลวไฟเท่าไหร
ข้อเสนอเครื่องมือ,strings,1195840,ระแวก,ละแวก,้ สินค้าแปลกๆ มากที่สุดในระแวกนี้เลย!
ข้อเสนอเครื่องมือ,strings,1198258,ตรก,ตลก,เจ้ามีอาการตรกหัวนมนิดหน่อยใช่ไหม? มันค
ข้อเสนอเครื่องมือ,strings,1198308,พาร,พาล,กลุ่มโจรถูกขับไล่ พวกอันตพารถูกจัดการ! ขอให้นายท่าน G
ข้อเสนอเครื่องมือ,strings,1198502,รมเสีย,ลมเสีย,ข้าต้องทำให้พระองค์ต้องอารมเสีย
ข้อเสนอเครื่องมือ,strings,1198535,ลังค์,ลังก์,ิจะปลดท่านหญิงลงจากราชบัลลังค์ หลังจากนั้นท่านหญิง พี่ส
ข้อเสนอเครื่องมือ,strings,1199004,ที่ระรึก,ที่ระลึก,ค่าหรอก! นั้นเป็นเพียงของที่ระรึกของข้า!
ข้อเสนอเครื่องมือ,strings,1200141,พาร,พาล,อันตพารจาก Nazairi
ข้อเสนอเครื่องมือ,strings,1201840,เริศหรู,เลิศหรู,จ้าจะได้เห็นโรงเก็บของที่เริศหรูอลังกาลที่ข้าสร้าง!
ข้อเสนอเครื่องมือ,strings,1202510,ตลอดการ,ตลอดกาล,ับการคุ้มกันเกวียนสามเล่มตลอดการเดินทางสู่Belhaven ปกป้อง
ข้อเสนอเครื่องมือ,strings,1203525,ระแวก,ละแวก,นสู่ผิวน้ำและกินคนที่อยู่ระแวกนั้น บางครั้ง Shaelmaar ย
ข้อเสนอเครื่องมือ,strings,1204102,ระแวก,ละแวก,ลับมาดูให้ถ้าข้ายังอยู่ในระแวกนี้
ข้อเสนอเครื่องมือ,strings,1206084,พาร,พาล,ต่อ อนิจจา เขาเป็นพวกอันตพาร พี่น้องทั้งแปดคนไม่อยากม
ข้อเสนอเครื่องมือ,strings,1206788,เล้นลับ,เร้นลับ,นอาศัยอยู่ในถ้ำของผู้เฒ่าเล้นลับ (Unseen Elder) บนโลกของเ
ข้อเสนอเครื่องมือ,strings,1207914,ตลอดการ,ตลอดกาล,ี่เขาเฝ้าดูแลอย่างใกล้ชิดตลอดการเดินทางให้ และสาบานว่ามัน
ข้อเสนอเครื่องมือ,strings,1207967,เล้นลับ,เร้นลับ,ที่รู้จักกันในชื่อผู้เฒ่าเล้นลับ ด้วยความช่วยเหลือจากผู้เ
ข้อเสนอเครื่องมือ,strings,1210229,ต่อลอง,ต่อรอง,ข้าต่อลองพอแล้วว่าไงจะรับงานหรือไม
ข้อเสนอเครื่องมือ,strings,1210265,เล้นลับ,เร้นลับ,กเกี่ยวกับการพบกับผู้เฒ่าเล้นลับและปรากฎว่าเขาไม่ได้พูดเก
ข้อเสนอเครื่องมือ,strings,1210265,เล้นลับ,เร้นลับ,ินจริงไป ทันใดนั้นผู้เฒ่าเล้นลับก็จับ Regis ไว้ไม่ให้เคลื
ข้อเสนอเครื่องมือ,strings,1210265,เล้นลับ,เร้นลับ,พยายามทำข้อตกลงกับผู้เฒ่าเล้นลับ...<br>
ข้อเสนอเครื่องมือ,strings,1211064,เล้นลับ,เร้นลับ,เลือกระหว่างจะไปพบผู้เฒ่าเล้นลับ [Unseen Elder] หรือจะไปต
ข้อเสนอเครื่องมือ,strings,1214315,กลู,กูล,ควรสำหรับคนที่เกิดมาในตระกลูผู้ดี - ปรากฏว่าแท้จริงแล
ข้อเสนอเครื่องมือ,strings,1222597,สามร้อ,สามล้อ,สามร้อ--?! ไม่... ไม่! ควรจะต้อ
ข้อเสนอเครื่องมือ,text,Igni Firestream,ไฟร์,ไฟล์,Igni ไฟร์สตรีม
ข้อเสนอเครื่องมือ,text,Firestream Offset,ไฟร์,ไฟล์,ไฟร์สตรีม ออฟเซ็ต
ข้อเสนอเครื่องมือ,text,Firestream Zoom,ไฟร์,ไฟล์,ไฟร์สตรีม ซูม
ข้อเสนอเครื่องมือ,text,Firestream Height,ไฟร์,ไฟล์,ไฟร์สตรีม ไฮท์
ข้อเสนอเครื่องมือ,text,Tor Lara artifact,ลารา,ลาลา,สิ่งประดิษฐ์ของทอร์ ลารา
ข้อเสนอเครื่องมือ,text,"Toussaint is this Unseen Elder's territory. All vampires owe him fealty while they're here. He need but say the word, designate a time and place, and Dettlaff will be forced to appear.",เล้นลับ,เร้นลับ,ussaint เป็นเขตของผู้เฒ่าเล้นลับ [แวมไพร์อาวุโส] พวกแวมไพ
ข้อเสนอเครื่องมือ,text,So this Unseen Elder - how do we convince him to summon Dettlaff?,เล้นลับ,เร้นลับ,และผู้เฒ่าเล้นลับ [แวมไพร์อาวุโส] ตนนี้ - 
ข้อเสนอเครื่องมือ,text,"Yeah, figured it out. All right, let's say she gets me in to see the Unseen Elder… what then?",เล้นลับ,เร้นลับ,างยอมพาเราไปหาท่านผู้เฒ่าเล้นลับ [แวมไพร์อาวุโส] ตนนั้นแล
ข้อเสนอเครื่องมือ,text,"You know what to do. You must see Orianna, ask her to introduce you to the Unseen Elder. She might agree.",เล้นลับ,เร้นลับ,างแนะนำเจ้ากับท่านผู้เฒ่าเล้นลับ [แวมไพร์อาวุโส] นางอาจจะ
ข้อเสนอเครื่องมือ,text,Unseen Elder,เล้นลับ,เร้นลับ,ผู้เฒ่าเล้นลับ [แวมไพร์อาวุโส]
ข้อเสนอเครื่องมือ,text,"Got the bean, but Longlocks… hm. Seems she got sick of waiting for a knight in shining armor.",มาละ,มาล่ะ,ได้ถั่วมาละ แต่ Longlocks...หืม ดูเห
ข้อเสนอเครื่องมือ,text,Ask Orianna where to find the Unseen Elder.,เล้นลับ,เร้นลับ,าม Orianna ว่าจะหาผู้เฒ่าเล้นลับ [แวมไพร์อาวุโส] ได้จากที
ข้อเสนอเครื่องมือ,text,"Unseen Elder, let him know we've arrived.",เล้นลับ,เร้นลับ,ผู้เฒ่าเล้นลับ [แวมไพร์อาวุโส] ให้เขารู
ข้อเสนอเครื่องมือ,text,"Regis, let the Unseen Elder know we've arrived. Have him summon Dettlaff.",เล้นลับ,เร้นลับ,Regis บอกให้ผู้เฒ่าเล้นลับ [แวมไพร์อาวุโส] รู้ว่าเร
ข้อเสนอเครื่องมือ,text,Go to the Unseen Elder's lair.,เล้นลับ,เร้นลับ,ไปที่ถ้ำของผู้เฒ่าเล้นลับ [แวมไพร์อาวุโส]
ข้อเสนอเครื่องมือ,text,Enter the Unseen Elder's lair.,เล้นลับ,เร้นลับ,เข้าไปในถ้ำของผู้เฒ่าเล้นลับ [แวมไพร์อาวุโส]
ข้อเสนอเครื่องมือ,text,Here it is. Got it.,มาละ,มาล่ะ,อยู่ตรงนี้นี่เอง ได้มันมาละ
ข้อเสนอเครื่องมือ,text,That's one bean down! Good work!,มาละ,มาล่ะ,ได้ถั่วมาละหนึ่ง! เยี่ยม!
ข้อเสนอเครื่องมือ,text,Talk to the Unseen Elder.,เล้นลับ,เร้นลับ,เข้าไปคุยกับผู้เฒ่าเล้นลับ [แวมไพร์อาวุโส]
ข้อเสนอเครื่องมือ,text,Great Beggar's Ghost,จัณฑาร,จัณฑาล,ผีมหาจัณฑาร
ข้อเสนอเครื่องมือ,text,"My slippers, ecru… court shoes with a moderately raised heel… and a ribbon!",เริศ,เลิศ,รองเท้าส้นสูงของข้า หรูเริศ...เสริมส้นด้วยเส้นรองเท้
ข้อเสนอเครื่องมือ,text,Some kind of glowy magic thing going on with this tombstone. We should check it out.,เปร่งแสง,เปล่งแสง,มีเวทมนตร์บางอย่างกำลังเปร่งแสงอยู่ที่หลุมศพนี่ เราควรตร
ข้อเสนอเครื่องมือ,text,"I'll alert the staff, have them see to her body at once… Meanwhile, we should sit. I will tell you everything. In full detail.",ระเอียดยิบ,ละเอียดยิบ, ข้าจะบอกเจ้าทุกอย่าง แบบระเอียดยิบเลยล่ะ ข้าจะเล่าทุกอย่างใ
ข้อเสนอเครื่องมือ,text,Open the entrance to the Unseen Elder's lair using Orianna's key.,เล้นลับ,เร้นลับ,เปิดทางเข้าถ้ำของผู้เฒ่าเล้นลับ [แวมไพร์อาวุโส] โดยใช้กุ
ข้อเสนอเครื่องมือ,text,Unseen Elder - let's find him.,เล้นลับ,เร้นลับ,ผู้เฒ่าเล้นลับ [แวมไพร์อาวุโส] - ไปหาเข
ข้อเสนอเครื่องมือ,text,"I'll stay with the boy. He shouldn't be left alone again. You… you track down this scum. Bring me its head, and I'll help you with the Unseen.",เล้นลับ,เร้นลับ,าจะช่วยเจ้าเรื่อง ผู้เฒ่าเล้นลับ [แวมไพร์อาวุโส]
ข้อเสนอเครื่องมือ,text,"In meeting the Unseen Elder you will risk all. You cannot be certain to leave with your life. Yet if we meet Dettlaff's demand, the killing will cease at once.",เล้นลับ,เร้นลับ,ในการพบกับผู้เฒ่าเล้นลับ [แวมไพร์อาวุโส] เจ้ามีแต
ข้อเสนอเครื่องมือ,text,Find a way to appease the Unseen Elder.,เล้นลับ,เร้นลับ,หาวิธีเอาใจผู้เฒ่าเล้นลับ [แวมไพร์อาวุโส]
ข้อเสนอเครื่องมือ,text,Find an offering for the Unseen Elder.,เล้นลับ,เร้นลับ,หาของกำนัลให้แก่ผู้เฒ่าเล้นลับ [แวมไพร์อาวุโส]
ข้อเสนอเครื่องมือ,text,"Maybe if I give this to the Unseen Elder, he won't kill me… least not right away.",เล้นลับ,เร้นลับ,้ามอบสิ่งนี้ให้กับผู้เฒ่าเล้นลับ [แวมไพร์อาวุโส] เขาคงไม่
ข้อเสนอเครื่องมือ,text,Must be the offering for the Unseen…,เล้นลับ,เร้นลับ,้องเป็นของกำนัลแก่ผู้เฒ่าเล้นลับ [แวมไพร์อาวุโส] ได้แน่..
ข้อเสนอเครื่องมือ,text,Offering for the Unseen Elder,เล้นลับ,เร้นลับ,ของกำนัลแก่ผู้เฒ่าเล้นลับ [แวมไพร์อาวุโส]
ข้อเสนอเครื่องมือ,text,There's never been a frown that couldn't be turned upside down!,กลับรำ,กลับลำ,ยมีการยอมรับ ที่ไม่สามารถกลับรำได้!
ข้อเสนอเครื่องมือ,text,Not a copper. Keep your coin and raise a toast in her memory tonight.,รำรึกถึง,รำลึกถึง,ก็บเงินของท่านไว้เถอะ และรำรึกถึงนางในคืนนี้กัน
ข้อเสนอเครื่องมือ,text,"I've come to take you from this place, my friend. Daresay you deserve a speck of respite after the mad whirl of the last few days.",บ้าครั่ง,บ้าคลั่ง,ารพักฟื้นหลังจากเหตุการณ์บ้าครั่งในช่วงสองสามวันที่ผ่านมา
ข้อเสนอเครื่องมือ,text,"Of course, I shall send a runner to town at once. I believe you shall be grinding to your heart's content by… tomorrow.",ได้ลับ,ได้รับ,องทันที ข้าเชื่อว่าท่านจะได้ลับมีดจนพอใจภายในวัน... พรุ่
ข้อเสนอเครื่องมือ,text,Unseen Elder - where'll I find him. Talk.,เล้นลับ,เร้นลับ,ผู้เฒ่าเล้นลับ [แวมไพร์อาวุโส] - ข้าจะห
ข้อเสนอเครื่องมือ,text,"Geralt failed to find the victim's body on the riverbank. It seemed the Ducal Guard had removed it to the cool cellars of the Corvo Bianco Estate. Ever the ferreter, however, Geralt did spot something the soldiers had overlooked. Based on the item, and with Milton's help, he established the identity of the Beast's most recent victim. Yet he failed to divine the species, genus, or family of the creature that had perpetrated the crime. Only an autopsy could help him do that. So Geralt set off for Corvo Bianco, alone this time as duties at court had called Milton to the Ducal Palace.<br>",เฉพาะการ,เฉพาะกาล,่งมีชีวิตที่ก่ออาชญากรรม เฉพาะการชันสูตรศพเท่านั้นที่สามาร
ข้อเสนอเครื่องมือ,text,"Not bringing it up to tease, but to reminisce. That evening… it was magic. And your dress… you looked lovely in it.",ระรึกถึง,ระลึกถึง,ูดให้ต่อมน้ำตาแตก แค่อยากระรึกถึง เย็นวันนั้น... ราวกับเวท
ข้อเสนอเครื่องมือ,text,River muck. Carried the body in this cart.,โครน,โคลน,ช้ขนศพขึ้นจากแม่น้ำ ยังมีโครนติดอยู่
ข้อเสนอเครื่องมือ,text,"As the witcher met once more with Regis, two possible paths lay before him. He now had to choose between meeting with the Unseen Elder or finding Syanna.<br>",เล้นลับ,เร้นลับ,เลือกระหว่างจะไปพบผู้เฒ่าเล้นลับ [แวมไพร์อาวุโส] หรือจะไป
ข้อเสนอเครื่องมือ,text,"though their mutiny had only been a murky plan, the emperor showed no mercy. as was his wont.",คลุมเคลือ,คลุมเครือ,ะยังเป็นเพียงเรื่องที่ยังคลุมเคลือ แต่องค์จักรพรรดิหาได้มีซ
ข้อเสนอเครื่องมือ,text,King Henselt mask,ราขา,ลาขา,หน้ากากของราขา Henselt
ข้อเสนอเครื่องมือ,text,Who's the wind blown in?,มาละ,มาล่ะ,ลมหอบใครมาละเนี่ย?
ข้อเสนอเครื่องมือ,text,"Drive the monster out of its lair with a Samum, Grapeshot or Dancing Star bomb.",แฟรช,แฟลช,ให้ออกมาจากรังด้วย ระเบิดแฟรช ระเบิดลูกปราย หรือ ระเบิ
ข้อเสนอเครื่องมือ,text,Grrrrr. Hahahaah! Hahaha.,กลู,กูล,กลู~ฮาฮาฮาาา! ฮาฮาฮา.
ข้อเสนอเครื่องมือ,text,"Bran feasts with the gods, and his son on sits the throne. It is as it should be!",ลังค์,ลังก์, ส่วนโอรสพระองค์ก็ครองบรรลังค์ มันเป็นไปตามที่มันควรเป็
ข้อเสนอเครื่องมือ,text,Superior Samum,แฟรช,แฟลช,ระเบิดแฟรช ระดับ Superior
ข้อเสนอเครื่องมือ,text,Split bolt,ลูกปลาย,ลูกปราย,ลูกปลาย
ข้อเสนอเครื่องมือ,text,Samum,แฟรช,แฟลช,ระเบิดแฟรช
ข้อเสนอเครื่องมือ,text,Enhanced Samum,แฟรช,แฟลช,ระเบิดแฟรช ระดับ Enhanced
ข้อเสนอเครื่องมือ,text,"Combining various attacks (strong strikes, fast strikes, Signs) grants a bonus that increases Attack Power for the next attack mounted or Sign Intensity for the next Sign cast.",เฉพาะการ,เฉพาะกาล,่รวม Sign เข้าไปจะแรงขึ้นเฉพาะการโจมตีระยะใกล้ และความแรงข
ข้อเสนอเครื่องมือ,text,I knew this one was stubborn. I did not know she would hire a witcher.,เลิกลา,เลิกรา,ู่แล้วว่ารายนี้ต้องไม่ยอมเลิกลาง่ายๆแน่ แต่คิดไม่ถึงว่าน
ข้อเสนอเครื่องมือ,text,My armor ready yet?,เกรา,เกราะ,ชุดเกราของข้าเสร็จรึยัง?
ข้อเสนอเครื่องมือ,text,Domicile of a prominent Novigrad family whose line can be traced back to the times when the first human settlers came to these lands.,กลู,กูล,ห่งนี้อย่างยาวนาน เป็นตระกลูผู้ก่อตั้งเริ่มแรกเข้ามาใ
ข้อเสนอเครื่องมือ,text,"During Oxenfurt Academy's exam sessions, this gate would be closed, to spare the students from Novigrad's temptations.",เรีย,เลีย,ี้จะถูกปิดเพื่อช่วยให้นักเรียที่ถูกหลอกจาก Novigrad
ข้อเสนอเครื่องมือ,text,"Monster nests can be destroyed using the following bombs: Dancing Star, Grapeshot or Samum.",แฟรช,แฟลช, ระเบิดสะเก็ด หรือ ระเบิดแฟรช
ข้อเสนอเครื่องมือ,text,"You have unlocked the ability to start a New Game +. To do so, create a new game save, start a new game, choose the New Game + option and select the save you created to import your character. Only saves created after unlocking the New Game + option can be used for this purpose.",เฉพาะการ,เฉพาะกาล,เพื่อนำเข้าตัวละครของคุณ เฉพาะการบันทึกที่สร้างขึ้นหลังจาก
ข้อเสนอเครื่องมือ,text,"And you're in a hurry. Elsewise you'd not use bait, just wait for the griffin to attack again.",ล่อหรอก,ล่อหลอก,ช่นนั้นเจ้าคงไม่ใช้เหยื่อล่อหรอก เพราะจะรอให้ Griffin มัน
ข้อเสนอเครื่องมือ,text,"Wanna snuggle, bogeyman?",บูล,บูร,กจะคลอเคลียงั้นเหรอ เจ้า บูลกี้แมน?
ข้อเสนอเครื่องมือ,text,Once more. There are four factions--,กลุ,กรุ,กกว่านั้น มันมีทั้งหมดสี่กลุ...
ข้อเสนอเครื่องมือ,text,"Blonde, from Kovir. A trobairitz, apparently. Named Callonetta or something like that.",บรอนด์,บลอนด์,สาวผมบรอนด์จาก Kovir. ถือโทรเบิร์ทสไ
ข้อเสนอเครื่องมือ,text,"Of those de Jonkheers, yes. My ancestors laid the foundations of this city. I now own its largest bank.",กลู,กูล,ห่ง Jonkheers ใช่แล้ว ตระกลูของข้าเป็นผู้วางรากฐานให้
ข้อเสนอเครื่องมือ,text,Could've. But I admit I wanted to see how you'd manage. See if you're as crafty as you are… well-crafted.,ร้ำ,ร่ำ,่าเจ้าจะเก่งจริงตามที่เขาร้ำลือกันหรือเปล่า
ข้อเสนอเครื่องมือ,text,Have you tried the quail baked in cranberry?,แครน,แคลน,ลอง นกกระทาอบ ใน แครนเบอร์รี่ หรือยัง?
ข้อเสนอเครื่องมือ,text,Mhm. Flying monster. Gripped the second body in its claws. Didn't quite get everything to its nest.,กลงเล็บ,กรงเล็บ,ว์ประหลาดบินได้ จับศพด้วยกลงเล็บ ท่าทางจะแบบกับลังได้ไม่ห
ข้อเสนอเครื่องมือ,text,"No one will hear you, bitch. Not a soul.",หรี,หลี,่มีใครได้ยินแกหรอก อี กระหรี
ข้อเสนอเครื่องมือ,text,"Formaldehyde. A medical novelty. Heavily diluted, it's remarkable at preserving organic tissue. In stronger proportions… it's more destructive than acid.",มาละ,มาล่ะ,ยาที่ใช้ทางการแพทย์ถ้าเอามาละลายน้ำจะช่วยป้องกันการเน่
ข้อเสนอเครื่องมือ,text,"Sorry to have to tell you - your wife's dead. Went too deep into the woods, wild animals got her.",ลุม,รุม,้วถูกพวกสัตว์ป่าทำร้ายและลุมกินนาง
ข้อเสนอเครื่องมือ,text,Tracks're old and faded. A woman and child?,ล่องรอย,ร่องรอย,ล่องรอยเก่าและจาง เป็นผู้หญิงกับ
ข้อเสนอเครื่องมือ,text,You mean me to grab another lass to join us?,เหรือ,เหลือ,วอีกคนมาร่วมกับพวกเรางั้นเหรือ?
ข้อเสนอเครื่องมือ,text,"No hope left. 'Stead o' dyin' at home, I'll die at Nilfgaard's doorstep, like a stray dog…",เจร,เจล,gaard แทน เหมือนกับ หมาพนเจร...
ข้อเสนอเครื่องมือ,text,"Somebody got rid of the blood, left a few stains behind.",รองของ,ลองของ,มีใครบางคนเช็ดร่อยรองของเลือดและทิ้งบางส่วนไว้
ข้อเสนอเครื่องมือ,text,Let's show 'im what happens to freak lovers in Novigrad!,รักตัว,ลักตัว,ยว่าอะไรเกิดขึ้นกับไอ้พวกรักตัวประหลาดใน Novigrad!
ข้อเสนอเครื่องมือ,text,Don't sell herbs.,สมุนไหร,สมุนไพร,ไม่ได้ขายสมุนไหร
ข้อเสนอเครื่องมือ,text,"Have it your way. If not you, then the one to come after. 'Tis all the same to me.",หรอกๆ,หลอกๆ,คนอื่นมาอีก ไม่มีอะไรต่างหรอกๆ
ข้อเสนอเครื่องมือ,text,"Someone spiked one of the mead barrels. With blood and something else, an herb or a mushroom. Cerys said--",สมุนไหร,สมุนไพร,่างลงในถังเหล้า น่าจะเป็นสมุนไหรหรือเห็ดซักชนิด Cerys บอก
ข้อเสนอเครื่องมือ,text,"Thank you, wanderer. I shall say a prayer for you at my pilgrimage's end.",ตลอดการ,ตลอดกาล,ู้พเนจร ข้าจะภาวนาให่เจ้าตลอดการเดินทางแสวงบุญของข้า
ข้อเสนอเครื่องมือ,text,Got the book.,มาละ,มาล่ะ,ได้หนังสือมาละ
ข้อเสนอเครื่องมือ,text,"They didn't start burning them until they learned an old fellow like myself had escaped. Before, they'd drop the stiffs into a great pit.",เผาหรอก,เผาหลอก,ตอนแรกพวกเขาไม่ได้เผาหรอก จนกระทั่งรู้ว่าข้าหนีออก
ข้อเสนอเครื่องมือ,text,"What he resolved, he achieved, but only by shedding his countrymen's blood.",แต่แลก,แต่แรก,ี่เขาแก้ไข เขาก็ทำสำเร็จ แต่แลกด้วยหลั่งเลือดของชนชาติ
